Lan,thoi_gian(s)
1,0.0089998245
2,0.0030000210
3,0.0020000935
4,0.0049998760
5,0.0030000210
6,0.0049998760
7,0.0040001869
8,0.0060000420
9,0.0049998760
10,0.0039999485
11,0.0020000935
12,0.0060000420
13,0.0039999485
14,0.0030000210
15,0.0039999485
Average,0.0043333213
